S. No.,CHK_ACCT,DURATION,HISTORY,NEW_CAR,USED_CAR,FURNITURE,PERSONAL,EDUCATION,PROPERTY,AMOUNT,SAV_ACCT,EMPLOYMENT,INSTALL_RATE,MALE_DIV,MALE_SINGLE,MALE_MAR_or_WID,CO-APPLICANT,GUARANTOR,PRESENT_RESIDENT,REAL_ESTATE,PROP_UNKN_NONE,AGE,OTHER_INSTALL,RENT,OWN_RES,NUM_CREDITS,JOB,NUM_DEPENDENTS,TELEPHONE,FOREIGN
1,3,12,2,0,0,1,0,0,0,1123,2,2,4,0,0,0,0,0,4,0,0,29,0,1,0,1,1,1,0,0
2,0,48,4,0,1,0,0,0,0,6331,0,4,4,0,1,0,0,0,4,0,1,46,0,0,0,2,2,1,1,0
3,2,24,2,0,0,0,1,0,0,1377,1,4,4,0,0,0,0,0,2,0,1,47,0,0,0,1,2,1,1,0
4,1,30,3,0,0,0,0,0,1,2503,1,4,4,0,1,0,0,0,2,0,0,41,1,0,1,2,2,1,0,0
5,1,27,2,0,0,0,0,0,1,2528,0,1,4,0,0,0,0,0,1,0,0,32,0,0,1,1,2,2,1,0
6,3,15,2,1,0,0,0,0,0,5324,2,4,1,0,0,0,0,0,4,0,1,35,0,0,0,1,2,1,0,0
7,1,48,2,1,0,0,0,0,0,6560,1,3,3,0,1,0,0,0,2,0,0,24,0,0,1,1,2,1,0,0
8,1,12,0,0,0,1,0,0,0,2969,0,1,4,0,0,0,0,0,3,0,0,25,0,1,0,2,2,1,0,0
9,1,9,2,0,0,0,1,0,0,1206,0,4,4,0,0,0,0,0,4,1,0,25,0,0,1,1,2,1,0,0
10,1,9,2,0,0,0,1,0,0,2118,0,2,2,0,1,0,0,0,2,1,0,37,0,0,1,1,1,2,0,0
11,3,18,4,0,0,0,1,0,0,629,2,4,4,0,1,0,0,0,3,0,0,32,1,0,1,2,3,1,1,0
12,0,6,1,0,0,0,0,1,0,1198,0,4,4,0,0,0,0,0,4,0,1,35,0,0,0,1,2,1,0,0
13,3,21,2,0,1,0,0,0,0,2476,4,4,4,0,1,0,0,0,4,1,0,46,0,0,1,1,3,1,1,0
14,0,9,4,0,0,0,1,0,0,1138,0,2,4,0,1,0,0,0,4,1,0,25,0,0,1,2,1,1,0,0
15,1,60,2,1,0,0,0,0,0,14027,0,3,4,0,1,0,0,0,2,0,1,27,0,0,1,1,3,1,1,0
16,3,30,4,0,1,0,0,0,0,7596,4,4,1,0,1,0,0,0,4,0,0,63,0,0,1,2,2,1,0,0
17,3,30,4,0,0,0,1,0,0,3077,4,4,3,0,1,0,0,0,2,0,0,40,0,0,1,2,2,2,1,0
18,3,18,2,0,0,0,1,0,0,1505,0,2,4,0,1,0,0,0,2,0,1,32,0,0,0,1,3,1,1,0
19,2,24,4,0,0,0,1,0,0,3148,4,2,3,0,1,0,0,0,2,0,0,31,0,0,1,2,2,1,1,0
20,1,20,0,0,1,0,0,0,0,6148,1,4,3,0,0,1,0,0,4,0,0,31,1,0,1,2,2,1,1,0
21,2,9,0,0,0,0,1,0,0,1337,0,1,4,0,1,0,0,0,2,0,0,34,0,0,1,2,3,1,1,0
22,1,6,1,0,0,0,0,1,0,433,3,1,4,0,0,0,0,0,2,0,0,24,1,1,0,1,2,2,0,0
23,0,12,2,1,0,0,0,0,0,1228,0,2,4,0,0,0,0,0,2,1,0,24,0,0,1,1,1,1,0,0
24,1,9,2,0,0,0,1,0,0,790,2,2,4,0,0,0,0,0,3,1,0,66,0,0,1,1,1,1,0,0
25,3,27,2,1,0,0,0,0,0,2570,0,2,3,0,0,0,0,0,3,1,0,21,0,1,0,1,2,1,0,0
26,3,6,4,1,0,0,0,0,0,250,3,2,2,0,0,0,0,0,2,1,0,41,1,0,1,2,1,1,0,0
27,3,15,4,0,0,0,1,0,0,1316,2,2,2,0,0,1,0,0,2,0,0,47,0,0,1,2,1,1,0,0
28,0,18,2,0,0,0,1,0,0,1882,0,2,4,0,0,0,0,0,4,0,0,25,1,1,0,2,2,1,0,0
29,1,48,1,0,0,0,0,0,1,6416,0,4,4,0,0,0,0,0,3,0,1,59,0,1,0,1,2,1,0,0
30,2,24,4,0,0,0,0,0,1,1275,3,2,2,1,0,0,0,0,4,1,0,36,0,0,1,2,2,1,1,0
31,1,24,3,0,0,0,1,0,0,6403,0,1,1,0,1,0,0,0,2,0,0,33,0,0,1,1,2,1,0,0
32,0,24,2,0,0,0,1,0,0,1987,0,2,2,0,1,0,0,0,4,1,0,21,0,1,0,1,1,2,0,0
33,1,8,2,0,0,0,1,0,0,760,0,3,4,0,0,0,0,1,2,1,0,44,0,0,1,1,1,1,0,0
34,3,24,2,0,1,0,0,0,0,2603,3,2,2,0,0,0,0,0,4,0,0,28,0,1,0,1,2,1,1,0
35,3,4,4,1,0,0,0,0,0,3380,0,3,1,0,0,0,0,0,1,1,0,37,0,0,1,1,2,2,0,0
36,1,36,1,0,0,0,0,0,0,3990,4,1,3,0,0,0,0,0,2,0,1,29,1,0,1,1,0,1,0,0
37,1,24,2,0,1,0,0,0,0,11560,0,2,1,0,0,0,0,0,4,0,0,23,0,1,0,2,3,1,0,0
38,0,18,2,1,0,0,0,0,0,4380,1,2,3,0,1,0,0,0,4,0,0,35,0,0,1,1,1,2,1,0
39,3,6,4,1,0,0,0,0,0,6761,0,3,1,0,1,0,0,0,3,0,1,45,0,0,1,2,3,2,1,0
40,1,30,0,0,0,0,0,0,1,4280,1,2,4,0,0,0,0,0,4,0,0,26,0,1,0,2,1,1,0,0
41,0,24,1,1,0,0,0,0,0,2325,1,3,2,0,1,0,0,0,3,0,0,32,1,0,1,1,2,1,0,0
42,1,10,1,0,0,0,1,0,0,1048,0,2,4,0,1,0,0,0,4,1,0,23,1,0,1,1,1,1,0,0
43,3,21,2,0,0,0,1,0,0,3160,4,4,4,0,1,0,0,0,3,0,0,41,0,0,1,1,2,1,1,0
44,0,24,1,0,0,1,0,0,0,2483,2,2,4,0,1,0,0,0,4,1,0,22,1,0,1,1,2,1,1,0
45,0,39,4,0,0,1,0,0,0,14179,4,3,4,0,1,0,0,0,4,0,0,30,0,0,1,2,3,1,1,0
46,0,13,4,0,0,0,0,0,1,1797,0,1,3,0,1,0,0,0,1,0,0,28,1,0,1,2,1,1,0,0
47,0,15,2,1,0,0,0,0,0,2511,0,0,1,0,0,0,0,0,4,0,0,23,0,1,0,1,2,1,0,0
48,0,12,2,1,0,0,0,0,0,1274,0,1,3,0,0,0,0,0,1,1,0,37,0,0,1,1,1,1,0,0
49,3,21,2,0,1,0,0,0,0,5248,4,2,1,0,1,0,0,0,3,0,0,26,0,0,1,1,2,1,0,0
50,3,15,2,0,1,0,0,0,0,3029,0,3,2,0,1,0,0,0,2,0,0,33,0,0,1,1,2,1,0,0
51,0,6,2,0,0,1,0,0,0,428,0,4,2,0,0,0,0,0,1,0,0,49,1,0,1,1,2,1,1,0
52,0,18,2,1,0,0,0,0,0,976,0,1,1,0,0,0,0,0,2,0,0,23,0,0,1,1,1,1,0,0
53,1,12,2,0,0,0,0,0,1,841,1,3,2,0,0,0,0,0,4,1,0,23,0,1,0,1,1,1,0,0
54,3,30,4,0,0,0,1,0,0,5771,0,3,4,0,0,0,0,0,2,0,0,25,0,0,1,2,2,1,0,0
55,3,12,3,0,0,0,0,0,0,1555,3,4,4,0,1,0,0,0,4,0,1,55,0,0,0,2,2,2,0,0
56,0,24,2,1,0,0,0,0,0,1285,4,3,4,0,0,0,0,0,4,0,1,32,0,1,0,1,2,1,0,0
57,2,6,4,1,0,0,0,0,0,1299,0,2,1,0,1,0,0,0,1,1,0,74,0,0,1,3,0,2,0,1
58,2,15,4,0,0,0,1,0,0,1271,4,2,3,0,1,0,0,0,4,0,1,39,0,0,0,2,2,1,1,0
59,3,24,2,1,0,0,0,0,0,1393,0,2,2,0,1,0,0,1,2,1,0,31,0,0,1,1,2,1,1,0
60,0,12,4,1,0,0,0,0,0,691,0,4,4,0,1,0,0,0,3,0,0,35,0,0,1,2,2,1,0,0
61,3,15,4,1,0,0,0,0,0,5045,4,4,1,0,0,0,0,0,4,0,0,59,0,0,1,1,2,1,1,0
62,0,18,4,0,0,1,0,0,0,2124,0,2,4,0,0,0,0,0,4,1,0,24,0,1,0,2,2,1,0,0
63,0,12,2,0,0,0,1,0,0,2214,0,2,4,0,1,0,0,0,3,0,0,24,0,0,1,1,1,1,0,0
64,3,21,4,1,0,0,0,0,0,12680,4,4,4,0,1,0,0,0,4,0,1,30,0,0,0,1,3,1,1,0
65,3,24,4,1,0,0,0,0,0,2463,1,3,4,0,0,1,0,0,3,0,0,27,0,0,1,2,2,1,1,0
66,1,12,2,0,0,0,1,0,0,1155,0,4,3,0,0,1,0,1,3,1,0,40,1,0,1,2,1,1,0,0
67,0,30,2,0,0,1,0,0,0,3108,0,1,2,1,0,0,0,0,4,0,0,31,0,0,1,1,1,1,0,0
68,3,10,2,0,1,0,0,0,0,2901,4,1,1,0,0,0,0,0,4,1,0,31,0,1,0,1,2,1,0,0
69,1,12,4,0,0,1,0,0,0,3617,0,4,1,0,1,0,0,0,4,0,0,28,0,1,0,3,2,1,1,0
70,3,12,4,0,0,0,1,0,0,1655,0,4,2,0,1,0,0,0,4,1,0,63,0,0,1,2,1,1,1,0
71,0,24,2,0,1,0,0,0,0,2812,4,4,2,0,0,0,0,0,4,1,0,26,0,1,0,1,2,1,0,0
72,0,36,4,0,0,0,0,1,0,8065,0,2,3,0,0,0,0,0,2,0,1,25,0,0,1,2,3,1,1,0
73,3,21,4,0,1,0,0,0,0,3275,0,4,1,0,1,0,0,0,4,0,0,36,0,0,1,1,3,1,1,0
74,3,24,4,0,0,0,1,0,0,2223,1,4,4,0,1,0,0,0,4,0,0,52,1,0,1,2,2,1,0,0
75,2,12,4,1,0,0,0,0,0,1480,2,0,2,0,1,0,0,0,4,0,1,66,1,0,0,3,0,1,0,0
76,0,24,2,1,0,0,0,0,0,1371,4,2,4,0,0,0,0,0,4,1,0,25,0,1,0,1,2,1,0,0
77,3,36,4,1,0,0,0,0,0,3535,0,3,4,0,1,0,0,0,4,0,0,37,0,0,1,2,2,1,1,0
78,0,18,2,0,0,0,1,0,0,3509,0,3,4,0,0,0,0,1,1,1,0,25,0,0,1,1,2,1,0,0
79,3,36,4,0,1,0,0,0,0,5711,3,4,4,0,1,0,0,0,2,0,0,38,0,0,1,2,3,1,1,0
80,1,18,2,0,0,0,0,0,0,3872,0,0,2,0,0,0,0,0,4,0,0,67,0,0,1,1,2,1,1,0
81,1,39,4,0,0,0,1,0,0,4933,0,3,2,0,1,0,0,1,2,1,0,25,0,0,1,2,2,1,0,0
82,3,24,4,1,0,0,0,0,0,1940,3,4,4,0,1,0,0,0,4,1,0,60,0,0,1,1,2,1,1,0
83,1,12,0,0,0,0,0,0,0,1410,0,2,2,0,1,0,0,0,2,1,0,31,0,0,1,1,1,1,1,0
84,1,12,2,1,0,0,0,0,0,836,1,1,4,0,0,0,0,0,2,0,0,23,1,0,1,1,1,1,0,0
85,1,20,2,0,1,0,0,0,0,6468,4,0,1,1,0,0,0,0,4,1,0,60,0,0,1,1,3,1,1,0
86,1,18,2,0,0,0,0,0,1,1941,3,2,4,0,1,0,0,0,2,0,0,35,0,0,1,1,1,1,1,0
87,3,22,2,0,0,0,1,0,0,2675,2,4,3,0,1,0,0,0,4,0,0,40,0,0,1,1,2,1,0,0
88,3,48,4,0,1,0,0,0,0,2751,4,4,4,0,1,0,0,0,3,0,0,38,0,0,1,2,2,2,1,0
89,1,48,3,0,0,0,0,1,0,6224,0,4,4,0,1,0,0,0,4,0,1,50,0,0,0,1,2,1,0,0
90,0,40,4,0,0,0,0,1,0,5998,0,2,4,0,1,0,0,0,3,0,1,27,1,0,1,1,2,1,1,0
91,1,21,2,0,0,0,0,0,1,1188,0,4,2,0,0,0,0,0,4,0,0,39,0,0,1,1,2,2,0,0
92,3,24,2,0,1,0,0,0,0,6313,4,4,3,0,1,0,0,0,4,0,0,41,0,0,1,1,3,2,1,0
93,3,6,4,0,0,1,0,0,0,1221,4,2,1,0,0,1,0,0,2,0,0,27,0,0,1,2,2,1,0,0
94,2,24,2,0,0,1,0,0,0,2892,0,4,3,1,0,0,0,0,4,0,1,51,0,0,0,1,2,1,0,0
95,3,24,2,0,0,1,0,0,0,3062,2,4,4,0,1,0,0,0,3,0,1,32,0,1,0,1,2,1,1,0
96,3,9,2,0,0,1,0,0,0,2301,1,1,2,0,0,0,0,0,4,0,0,22,0,1,0,1,2,1,0,0
97,0,18,2,0,1,0,0,0,0,7511,4,4,1,0,1,0,0,0,4,0,0,51,0,0,0,1,2,2,1,0
98,3,12,4,0,0,1,0,0,0,1258,0,1,2,0,0,0,0,0,4,0,0,22,0,1,0,2,1,1,0,0
99,3,24,3,1,0,0,0,0,0,717,4,4,4,0,0,1,0,0,4,0,0,54,0,0,1,2,2,1,1,0
100,1,9,2,1,0,0,0,0,0,1549,4,1,4,0,1,0,0,0,2,1,0,35,0,0,1,1,0,1,0,0
101,3,24,4,0,0,0,0,1,0,1597,0,4,4,0,1,0,0,0,4,0,1,54,0,0,0,2,2,2,0,0
102,1,18,4,0,0,0,1,0,0,1795,0,4,3,0,0,0,0,1,4,1,0,48,1,1,0,2,1,1,1,0
103,0,20,4,0,0,1,0,0,0,4272,0,4,1,0,0,0,0,0,4,0,0,24,0,0,1,2,2,1,0,0
104,3,12,4,0,0,0,1,0,0,976,4,4,4,0,1,0,0,0,4,0,0,35,0,0,1,2,2,1,0,0
105,1,12,2,1,0,0,0,0,0,7472,4,0,1,0,0,0,0,0,2,1,0,24,0,1,0,1,0,1,0,0
106,0,36,2,1,0,0,0,0,0,9271,0,3,2,0,1,0,0,0,1,0,0,24,0,0,1,1,2,1,1,0
107,1,6,2,0,0,0,1,0,0,590,0,1,3,0,0,1,0,0,3,1,0,26,0,0,1,1,1,1,0,1
108,3,12,4,0,0,0,1,0,0,930,4,4,4,0,1,0,0,0,4,1,0,65,0,0,1,4,2,1,0,0
109,1,42,1,0,1,0,0,0,0,9283,0,0,1,0,1,0,0,0,2,0,1,55,1,0,0,1,3,1,1,0
110,1,15,0,1,0,0,0,0,0,1778,0,1,2,0,0,0,0,0,1,1,0,26,0,1,0,2,0,1,0,0
111,1,8,2,0,0,0,0,0,1,907,0,1,3,0,0,1,0,0,2,1,0,26,0,0,1,1,2,1,1,0
112,1,6,2,0,0,0,1,0,0,484,0,3,3,0,0,1,0,1,3,1,0,28,1,0,1,1,1,1,0,0
113,0,36,4,0,1,0,0,0,0,9629,0,3,4,0,1,0,0,0,4,0,0,24,0,0,1,2,2,1,1,0
114,0,48,2,0,0,0,0,0,0,3051,0,2,3,0,1,0,0,0,4,0,0,54,0,0,1,1,2,1,0,0
115,0,48,2,1,0,0,0,0,0,3931,0,3,4,0,1,0,0,0,4,0,1,46,0,0,0,1,2,2,0,0
116,1,36,3,1,0,0,0,0,0,7432,0,2,2,0,0,0,0,0,2,0,0,54,0,1,0,1,2,1,0,0
117,3,6,2,0,0,0,0,0,0,1338,2,2,1,1,0,0,0,0,4,1,0,62,0,0,1,1,2,1,0,0
118,3,6,4,0,0,0,1,0,0,1554,0,3,1,0,0,0,0,0,2,0,0,24,0,1,0,2,2,1,1,0
119,0,36,2,0,0,0,0,0,0,15857,0,0,2,1,0,0,1,0,3,0,0,43,0,0,1,1,3,1,0,0
120,0,18,2,0,0,0,1,0,0,1345,0,2,4,0,0,1,0,0,3,1,0,26,1,0,1,1,2,1,0,0
121,3,12,2,1,0,0,0,0,0,1101,0,2,3,0,0,1,0,0,2,1,0,27,0,0,1,2,2,1,1,0
122,2,12,2,0,0,0,1,0,0,3016,0,2,3,0,0,1,0,0,1,0,0,24,0,0,1,1,2,1,0,0
123,0,36,2,0,0,1,0,0,0,2712,0,4,2,0,1,0,0,0,2,0,0,41,1,0,1,1,2,2,0,0
124,0,8,4,1,0,0,0,0,0,731,0,4,4,0,1,0,0,0,4,1,0,47,0,0,1,2,1,1,0,0
125,3,18,4,0,0,1,0,0,0,3780,0,1,3,1,0,0,0,0,2,0,0,35,0,0,1,2,3,1,1,0
126,0,21,4,1,0,0,0,0,0,1602,0,4,4,0,0,1,0,0,3,0,0,30,0,0,1,2,2,1,1,0
127,0,18,4,1,0,0,0,0,0,3966,0,4,1,0,0,0,0,0,4,1,0,33,1,1,0,3,2,1,1,0
128,3,18,0,0,0,0,0,0,1,4165,0,2,2,0,1,0,0,0,2,0,0,36,1,0,1,2,2,2,0,0
129,0,36,2,0,1,0,0,0,0,8335,4,4,3,0,1,0,0,0,4,0,1,47,0,0,0,1,2,1,0,0
130,1,48,3,0,0,0,0,0,1,6681,4,2,4,0,1,0,0,0,4,0,1,38,0,0,0,1,2,2,1,0
131,3,24,3,0,0,0,0,0,1,2375,2,2,4,0,1,0,0,0,2,0,0,44,0,0,1,2,2,2,1,0
132,0,18,2,1,0,0,0,0,0,1216,0,1,4,0,0,0,0,0,3,0,0,23,0,1,0,1,2,1,1,0
133,0,45,0,0,0,0,0,0,1,11816,0,4,2,0,1,0,0,0,4,0,0,29,0,1,0,2,2,1,0,0
134,1,24,2,0,0,0,1,0,0,5084,4,4,2,0,0,0,0,0,4,0,0,42,0,0,1,1,2,1,1,0
135,2,15,2,0,0,0,1,0,0,2327,0,1,2,0,0,0,0,0,3,1,0,25,0,0,1,1,1,1,0,0
136,0,12,0,1,0,0,0,0,0,1082,0,2,4,0,1,0,0,0,4,0,0,48,1,0,1,2,2,1,0,0
137,3,12,2,0,0,0,1,0,0,886,4,2,4,0,0,0,0,0,2,0,0,21,0,0,1,1,2,1,0,0
138,3,4,2,0,0,1,0,0,0,601,0,1,1,0,0,0,0,0,3,1,0,23,0,1,0,1,1,2,0,0
139,0,24,4,0,1,0,0,0,0,2957,0,4,4,0,1,0,0,0,4,0,0,63,0,0,1,2,2,1,1,0
140,3,24,4,0,0,0,1,0,0,2611,0,4,4,0,0,1,1,0,3,1,0,46,0,0,1,2,2,1,0,0
141,0,36,2,0,0,1,0,0,0,5179,0,3,4,0,1,0,0,0,2,0,0,29,0,0,1,1,2,1,0,0
142,3,21,3,0,1,0,0,0,0,2993,0,2,3,0,1,0,0,0,2,1,0,28,1,0,1,2,1,1,0,0
143,3,18,2,0,0,0,0,0,0,1943,0,1,4,0,0,0,0,0,4,1,0,23,0,0,1,1,2,1,0,0
144,3,24,1,0,0,0,0,0,1,1559,0,3,4,0,1,0,0,0,4,0,0,50,1,0,1,1,2,1,1,0
145,3,18,2,0,0,1,0,0,0,3422,0,4,4,0,1,0,0,0,4,0,0,47,1,0,1,3,2,2,1,0
146,1,21,2,0,0,1,0,0,0,3976,4,3,2,0,1,0,0,0,3,0,0,35,0,0,1,1,2,1,1,0
147,3,18,2,1,0,0,0,0,0,6761,4,2,2,0,1,0,0,0,4,0,0,68,0,1,0,2,2,1,0,0
148,3,24,2,1,0,0,0,0,0,1249,0,1,4,0,0,1,0,0,2,1,0,28,0,0,1,1,2,1,0,0
149,0,9,2,0,0,0,1,0,0,1364,0,3,3,0,1,0,0,0,4,1,0,59,0,0,1,1,2,1,0,0
150,0,12,2,0,0,0,1,0,0,709,0,4,4,0,1,0,0,0,4,1,0,57,1,0,1,1,1,1,0,0
151,0,20,4,1,0,0,0,0,0,2235,0,2,4,0,0,1,0,1,2,0,0,33,1,1,0,2,2,1,0,1
152,3,24,4,0,1,0,0,0,0,4042,4,3,3,0,1,0,0,0,4,0,0,43,0,0,1,2,2,1,1,0
153,3,15,4,0,0,0,1,0,0,1471,0,2,4,0,1,0,0,0,4,0,1,35,0,0,0,2,2,1,1,0
154,0,18,1,1,0,0,0,0,0,1442,0,3,4,0,1,0,0,0,4,0,1,32,0,0,0,2,1,2,0,0
155,3,36,3,1,0,0,0,0,0,10875,0,4,2,0,1,0,0,0,2,0,0,45,0,0,1,2,2,2,1,0
156,3,24,2,1,0,0,0,0,0,1474,1,1,4,0,0,1,0,0,3,1,0,33,0,0,1,1,2,1,1,0
157,3,10,2,0,0,0,0,0,0,894,4,3,4,0,0,0,0,0,3,0,0,40,0,0,1,1,2,1,1,0
158,3,15,4,0,0,1,0,0,0,3343,0,2,4,0,1,0,0,0,2,0,1,28,0,0,0,1,2,1,1,0
159,0,15,2,1,0,0,0,0,0,3959,0,2,3,0,0,0,0,0,2,0,0,29,0,0,1,1,2,1,1,0
160,3,9,2,1,0,0,0,0,0,3577,1,2,1,0,1,0,0,1,2,1,0,26,0,1,0,1,2,2,0,1
161,3,24,4,0,1,0,0,0,0,5804,3,2,4,0,1,0,0,0,2,1,0,27,0,0,1,2,2,1,0,0
162,3,18,3,0,0,0,0,0,1,2169,0,2,4,0,0,1,0,0,2,0,0,28,0,0,1,1,2,1,1,0
163,0,24,2,0,0,0,1,0,0,2439,0,1,4,0,0,0,0,0,4,1,0,35,0,0,1,1,2,1,1,0
164,3,27,4,0,0,1,0,0,0,4526,3,1,4,0,1,0,0,0,2,1,0,32,1,0,1,2,1,2,1,0
165,3,10,2,0,0,1,0,0,0,2210,0,2,2,0,1,0,0,0,2,1,0,25,1,1,0,1,1,1,0,0
166,3,15,2,0,0,1,0,0,0,2221,2,2,2,0,0,0,0,0,4,0,0,20,0,1,0,1,2,1,0,0
167,0,18,2,0,0,0,1,0,0,2389,0,1,4,0,0,0,0,0,1,0,0,27,1,0,1,1,2,1,0,0
168,3,12,4,0,0,1,0,0,0,3331,0,4,2,0,1,0,0,0,4,0,0,42,1,0,1,1,2,1,0,0
169,3,36,2,0,0,0,0,0,1,7409,4,4,3,0,1,0,0,0,2,0,0,37,0,0,1,2,2,1,0,0
170,0,12,2,0,0,1,0,0,0,652,0,4,4,0,0,0,0,0,4,0,0,24,0,1,0,1,2,1,0,0
171,3,36,3,0,0,1,0,0,0,7678,2,3,2,0,0,0,0,0,4,0,0,40,0,0,1,2,2,1,1,0
172,2,6,4,1,0,0,0,0,0,1343,0,4,1,0,1,0,0,0,4,1,0,46,0,0,1,2,2,2,0,1
173,0,24,4,0,0,0,0,0,1,1382,1,3,4,0,1,0,0,0,1,1,0,26,0,0,1,2,2,1,1,0
174,3,15,2,0,0,0,0,0,0,874,4,1,4,0,0,0,0,0,1,1,0,24,0,0,1,1,2,1,0,0
175,0,12,2,0,0,1,0,0,0,3590,0,2,2,0,1,0,1,0,2,0,0,29,0,0,1,1,1,2,0,0
176,1,11,4,1,0,0,0,0,0,1322,3,2,4,0,0,0,0,0,4,0,0,40,0,0,1,2,2,1,0,0
177,0,18,1,0,0,0,1,0,0,1940,0,1,3,0,1,0,1,0,4,0,1,36,1,0,0,1,3,1,1,0
178,3,36,2,0,0,0,1,0,0,3595,0,4,4,0,1,0,0,0,2,0,0,28,0,0,1,1,2,1,0,0
179,0,9,2,1,0,0,0,0,0,1422,0,1,3,0,1,0,0,0,2,0,1,27,0,0,0,1,3,1,1,0
180,3,30,4,0,0,0,1,0,0,6742,4,3,2,0,1,0,0,0,3,0,0,36,0,0,1,2,2,1,0,0
181,3,24,2,0,1,0,0,0,0,7814,0,3,3,0,1,0,0,0,3,0,0,38,0,0,1,1,3,1,1,0
182,3,24,2,0,1,0,0,0,0,9277,4,2,2,1,0,0,0,0,4,0,1,48,0,0,0,1,2,1,1,0
183,1,30,4,1,0,0,0,0,0,2181,4,4,4,0,1,0,0,0,4,1,0,36,0,0,1,2,2,1,0,0
184,3,18,4,0,0,0,1,0,0,1098,0,0,4,0,0,0,0,0,4,0,0,65,0,0,1,2,0,1,0,0
185,1,24,2,0,0,1,0,0,0,4057,0,3,3,1,0,0,0,0,3,0,0,43,0,0,1,1,2,1,1,0
186,0,12,2,0,0,0,0,1,0,795,0,1,4,0,0,0,0,0,4,0,0,53,0,0,1,1,2,1,0,0
187,1,24,4,0,0,0,0,0,1,2825,4,3,4,0,1,0,0,0,3,0,1,34,0,0,1,2,2,2,1,0
188,1,48,2,0,0,0,0,0,1,15672,0,2,2,0,1,0,0,0,2,0,0,23,0,0,1,1,2,1,1,0
189,3,36,4,1,0,0,0,0,0,6614,0,4,4,0,1,0,0,0,4,0,0,34,0,0,1,2,3,1,1,0
190,3,28,1,0,1,0,0,0,0,7824,4,1,3,0,1,0,0,1,4,1,0,40,1,1,0,2,2,2,1,0
191,0,27,4,0,0,0,0,0,1,2442,0,4,4,0,1,0,0,0,4,0,0,43,1,0,1,4,3,2,1,0
192,3,15,4,0,0,0,1,0,0,1829,0,4,4,0,1,0,0,0,4,0,0,46,0,0,1,2,2,1,1,0
193,0,12,4,1,0,0,0,0,0,2171,0,2,4,0,1,0,0,0,4,0,0,38,1,0,1,2,1,1,0,1
194,1,36,4,0,1,0,0,0,0,5800,0,2,3,0,1,0,0,0,4,0,0,34,0,0,1,2,2,1,1,0
195,3,18,4,0,0,0,1,0,0,1169,4,2,4,0,1,0,0,0,3,0,0,29,0,0,1,2,2,1,1,0
196,3,36,3,0,1,0,0,0,0,8947,4,3,3,0,1,0,0,0,2,0,0,31,1,0,1,1,3,2,1,0
197,0,21,2,0,0,0,1,0,0,2606,0,1,4,0,0,0,0,0,4,0,0,28,0,1,0,1,3,1,1,0
198,3,12,4,0,0,1,0,0,0,1592,3,3,3,0,0,0,0,0,2,0,0,35,0,0,1,1,2,1,0,1
199,3,15,2,0,0,1,0,0,0,2186,4,3,1,0,0,0,0,0,4,1,0,33,1,1,0,1,1,1,0,0
200,0,18,2,0,0,1,0,0,0,4153,0,2,2,0,1,0,1,0,3,0,0,42,0,0,1,1,2,1,0,0
201,0,16,4,1,0,0,0,0,0,2625,0,4,2,0,1,0,0,1,4,0,0,43,1,1,0,1,2,1,1,0
202,3,20,4,1,0,0,0,0,0,3485,4,1,2,1,0,0,0,0,4,1,0,44,0,0,1,2,2,1,1,0
203,3,36,4,0,1,0,0,0,0,10477,4,4,2,0,1,0,0,0,4,0,1,42,0,0,0,2,2,1,0,0
204,3,15,2,0,0,0,1,0,0,1386,4,2,4,0,0,1,0,0,2,1,0,40,0,1,0,1,2,1,1,0
205,3,24,2,0,0,0,1,0,0,1278,0,4,4,0,1,0,0,0,1,1,0,36,0,0,1,1,3,1,1,0
206,0,12,2,0,0,0,1,0,0,1107,0,2,2,0,1,0,0,0,2,1,0,20,0,1,0,1,3,2,1,0
207,0,21,2,1,0,0,0,0,0,3763,4,3,2,0,1,0,1,0,2,1,0,24,0,0,1,1,1,1,0,1
208,1,36,2,0,0,0,0,1,0,3711,4,2,2,0,0,1,0,0,2,0,0,27,0,0,1,1,2,1,0,0
209,3,15,3,0,1,0,0,0,0,3594,0,1,1,0,0,0,0,0,2,0,0,46,0,0,1,2,1,1,0,0
210,1,9,2,1,0,0,0,0,0,3195,4,2,1,0,0,0,0,0,2,1,0,33,0,0,1,1,1,1,0,0
211,3,36,3,0,0,0,1,0,0,4454,0,2,4,0,0,0,0,0,4,1,0,34,0,0,1,2,2,1,0,0
212,1,24,4,0,0,1,0,0,0,4736,0,1,2,0,0,0,0,0,4,0,0,25,1,0,1,1,1,1,0,0
213,1,30,2,0,0,0,1,0,0,2991,4,4,2,0,0,0,0,0,4,0,0,25,0,0,1,1,2,1,0,0
214,3,11,2,0,0,0,0,0,1,2142,3,4,1,1,0,0,0,0,2,1,0,28,0,0,1,1,2,1,1,0
215,0,24,1,0,0,0,0,0,1,3161,0,2,4,0,1,0,0,0,2,0,0,31,0,1,0,1,2,1,1,0
216,1,48,0,0,0,0,0,0,0,18424,0,2,1,0,0,0,0,0,2,0,0,32,1,0,1,1,3,1,1,1
217,3,10,2,0,1,0,0,0,0,2848,1,2,1,0,1,0,1,0,2,1,0,32,0,0,1,1,2,2,0,0
218,0,6,2,1,0,0,0,0,0,14896,0,4,1,0,1,0,0,0,4,0,1,68,1,0,1,1,3,1,1,0
219,0,24,2,0,0,1,0,0,0,2359,1,0,1,1,0,0,0,0,1,0,0,33,0,0,1,1,2,1,0,0
220,0,24,2,0,0,1,0,0,0,3345,0,4,4,0,1,0,0,0,2,0,0,39,0,1,0,1,3,1,1,0
221,3,18,4,0,0,1,0,0,0,1817,0,2,4,0,0,0,0,0,2,0,1,28,0,0,1,2,2,1,0,0
222,3,48,3,0,0,0,1,0,0,12749,2,3,4,0,1,0,0,0,1,0,0,37,0,0,1,1,3,1,1,0
223,0,9,2,0,0,0,1,0,0,1366,0,1,3,0,0,0,0,0,4,0,0,22,0,1,0,1,2,1,0,0
224,1,12,2,1,0,0,0,0,0,2002,0,3,3,0,1,0,0,0,4,0,0,30,0,1,0,1,2,2,1,0
225,0,24,1,0,0,1,0,0,0,6872,0,1,2,1,0,0,0,0,1,0,0,55,1,0,1,1,2,1,1,0
226,0,12,1,1,0,0,0,0,0,697,0,1,4,0,1,0,0,0,2,0,0,46,1,0,1,2,2,1,1,0
227,0,18,4,0,0,1,0,0,0,1049,0,1,4,0,0,0,0,0,4,0,0,21,0,1,0,1,2,1,0,0
228,0,48,2,0,1,0,0,0,0,10297,0,3,4,0,1,0,0,0,4,0,1,39,1,0,0,3,2,2,1,0
229,3,30,2,0,0,0,1,0,0,1867,4,4,4,0,1,0,0,0,4,0,0,58,0,0,1,1,2,1,1,0
230,0,12,3,1,0,0,0,0,0,1344,0,2,4,0,1,0,0,0,2,1,0,43,0,0,1,2,1,2,0,0
231,0,24,2,0,0,1,0,0,0,1747,0,1,4,0,1,0,1,0,1,0,0,24,0,0,1,1,1,1,0,1
232,1,9,2,0,0,0,1,0,0,1670,0,1,4,0,0,0,0,0,2,0,0,22,0,0,1,1,2,1,1,0
233,3,9,4,1,0,0,0,0,0,1224,0,2,3,0,1,0,0,0,1,1,0,30,0,0,1,2,2,1,0,0
234,3,12,4,0,0,0,1,0,0,522,2,4,4,0,1,0,0,0,4,0,0,42,0,0,1,2,2,2,1,0
235,0,12,2,0,0,0,1,0,0,1498,0,2,4,0,0,0,0,0,1,0,0,23,1,0,1,1,2,1,0,0
236,1,30,3,0,0,0,1,0,0,1919,1,1,4,0,1,0,0,0,3,0,1,30,1,0,1,2,3,1,0,0
237,2,9,2,0,0,0,1,0,0,745,0,2,3,0,0,0,0,0,2,1,0,28,0,0,1,1,1,1,0,0
238,1,6,2,0,0,0,1,0,0,2063,0,1,4,0,0,1,0,0,3,0,0,30,0,1,0,1,3,1,1,0
239,1,60,2,0,0,0,0,1,0,6288,0,2,4,0,1,0,0,0,4,0,1,42,0,0,0,1,2,1,0,0
240,3,24,4,0,1,0,0,0,0,6842,4,2,2,0,1,0,0,0,4,0,0,46,0,0,1,2,3,2,1,0
241,3,12,2,1,0,0,0,0,0,3527,4,1,2,0,1,0,0,0,3,0,0,45,0,0,1,1,3,2,1,0
242,3,10,2,1,0,0,0,0,0,1546,0,2,3,0,1,0,0,0,2,1,0,31,0,0,1,1,1,2,0,1
243,3,24,2,0,0,1,0,0,0,929,4,3,4,0,1,0,0,0,2,0,0,31,1,0,1,1,2,1,1,0
244,3,4,4,1,0,0,0,0,0,1455,0,3,2,0,1,0,0,0,1,1,0,42,0,0,1,3,1,2,0,0
245,0,15,2,0,0,1,0,0,0,1845,0,1,4,0,0,0,0,1,1,0,0,46,0,1,0,1,2,1,0,0
246,1,48,0,1,0,0,0,0,0,8358,2,1,1,0,0,0,0,0,1,0,0,30,0,0,1,2,2,1,0,0
247,0,24,1,0,0,1,0,0,0,3349,2,1,4,0,1,0,0,0,4,0,1,30,0,0,0,1,2,2,1,0
248,3,12,2,1,0,0,0,0,0,2859,4,0,4,0,1,0,0,0,4,0,1,38,0,0,1,1,3,1,1,0
249,3,18,2,0,0,1,0,0,0,1533,0,1,4,0,0,1,1,0,1,0,0,43,0,0,1,1,1,2,0,0
250,3,24,2,0,0,0,1,0,0,3621,1,4,2,0,1,0,0,0,4,0,0,31,0,0,1,2,2,1,0,0
251,1,18,4,0,0,0,0,0,1,3590,0,0,3,0,0,1,0,0,3,0,0,40,0,0,1,3,0,2,1,0
252,0,36,3,0,0,0,0,0,1,2145,0,3,2,0,1,0,0,0,1,0,0,24,0,0,1,2,2,1,1,0
253,1,24,2,0,1,0,0,0,0,4113,2,1,3,0,0,0,0,0,4,0,0,28,0,1,0,1,2,1,0,0
254,3,36,2,0,0,1,0,0,0,10974,0,0,4,0,0,0,0,0,2,0,0,26,0,0,1,2,3,1,1,0
255,0,12,2,1,0,0,0,0,0,1893,0,2,4,0,0,0,0,1,4,0,0,29,0,0,1,1,2,1,1,0
256,0,24,4,0,0,0,1,0,0,1231,3,4,4,0,0,0,0,0,4,0,0,57,0,1,0,2,3,1,1,0
257,2,30,4,0,0,0,1,0,0,3656,4,4,4,0,1,0,0,0,4,0,0,49,1,0,1,2,1,1,0,0
258,1,9,4,0,0,0,1,0,0,1154,0,4,2,0,1,0,0,0,4,1,0,37,0,0,1,3,1,1,0,0
259,0,28,2,1,0,0,0,0,0,4006,0,2,3,0,1,0,0,0,2,0,0,45,0,0,1,1,1,1,0,0
260,1,24,2,0,0,1,0,0,0,3069,1,4,4,0,1,0,0,0,4,0,1,30,0,0,0,1,2,1,0,0
261,3,6,4,0,0,0,1,0,0,1740,0,4,2,0,0,1,0,0,2,1,0,30,0,1,0,2,2,1,0,0
262,1,21,3,1,0,0,0,0,0,2353,0,2,1,1,0,0,0,0,4,0,0,47,0,0,1,2,2,1,0,0
263,3,15,2,1,0,0,0,0,0,3556,4,2,3,0,1,0,0,0,2,0,1,29,0,0,1,1,2,1,0,0
264,3,24,2,0,0,0,1,0,0,2397,2,4,3,0,1,0,0,0,2,0,0,35,1,0,1,2,2,1,1,0
265,1,6,2,0,0,0,0,0,0,454,0,1,3,0,0,1,0,0,1,0,0,22,0,0,1,1,1,1,0,0
266,1,30,2,0,0,0,1,0,0,1715,4,2,4,0,0,0,0,0,1,0,0,26,0,0,1,1,2,1,0,0
267,1,27,4,0,0,0,1,0,0,2520,2,2,4,0,1,0,0,0,2,0,0,23,0,0,1,2,1,1,0,0
268,3,15,2,0,0,0,1,0,0,3568,0,4,4,0,0,0,0,0,2,0,0,54,1,1,0,1,3,1,1,0
269,3,42,2,0,0,0,1,0,0,7166,4,3,2,0,0,1,0,0,4,0,0,29,0,1,0,1,2,1,1,0
270,0,11,4,1,0,0,0,0,0,3939,0,2,1,0,1,0,0,0,2,1,0,40,0,0,1,2,1,2,0,0
271,1,15,2,0,0,0,0,0,0,1514,1,2,4,0,1,0,0,1,2,1,0,22,0,0,1,1,2,1,0,0
272,3,24,2,1,0,0,0,0,0,7393,0,2,1,0,1,0,0,0,4,0,0,43,0,0,1,1,1,2,0,0
273,0,24,1,1,0,0,0,0,0,1193,0,0,1,0,0,0,1,0,4,0,1,29,0,1,0,2,0,1,0,0
274,0,60,2,0,0,0,0,0,1,7297,0,4,4,0,1,0,1,0,4,0,1,36,0,1,0,1,2,1,0,0
275,3,30,4,0,0,0,1,0,0,2831,0,2,4,0,0,0,0,0,2,0,0,33,0,0,1,1,2,1,1,0
276,2,24,2,0,0,0,1,0,0,1258,2,2,3,0,0,0,0,0,3,0,0,57,0,0,1,1,1,1,0,0
277,1,6,2,0,0,0,1,0,0,753,0,2,2,0,0,0,0,1,3,1,0,64,0,0,1,1,2,1,0,0
278,1,18,3,0,0,0,0,0,1,2427,4,4,4,0,1,0,0,0,2,0,0,42,0,0,1,2,2,1,0,0
279,3,24,3,1,0,0,0,0,0,2538,0,4,4,0,1,0,0,0,4,0,0,47,0,0,1,2,1,2,0,0
280,1,15,1,1,0,0,0,0,0,1264,1,2,2,0,0,1,0,0,2,0,0,25,0,1,0,1,2,1,0,0
281,1,30,4,0,0,1,0,0,0,8386,0,3,2,0,1,0,0,0,2,0,0,49,0,0,1,1,2,1,0,0
282,3,48,2,0,0,0,0,0,1,4844,0,0,3,0,1,0,0,0,2,0,0,33,1,1,0,1,3,1,1,0
283,2,21,2,1,0,0,0,0,0,2923,1,2,1,0,0,0,0,0,1,0,0,28,1,0,1,1,3,1,1,0
284,0,36,2,0,1,0,0,0,0,8229,0,2,2,0,1,0,0,0,2,0,0,26,0,0,1,1,2,2,0,0
285,3,24,4,0,0,1,0,0,0,2028,0,3,2,0,1,0,0,0,2,0,0,30,0,0,1,2,1,1,0,0
286,0,15,4,0,0,1,0,0,0,1433,0,2,4,0,0,0,0,0,3,0,0,25,0,1,0,2,2,1,0,0
287,2,42,0,0,0,0,0,0,1,6289,0,1,2,1,0,0,0,0,1,0,0,33,0,0,1,2,2,1,0,0
288,3,13,2,0,0,0,1,0,0,1409,1,0,2,0,0,0,0,0,4,1,0,64,0,0,1,1,2,1,0,0
289,0,24,2,0,1,0,0,0,0,6579,0,0,4,0,1,0,0,0,2,0,1,29,0,0,0,1,3,1,1,0
290,1,24,4,0,0,0,1,0,0,1743,0,4,4,0,1,0,0,0,2,0,0,48,0,0,1,2,1,1,0,0
291,3,12,4,0,0,0,0,1,0,3565,4,1,2,0,1,0,0,0,1,0,0,37,0,0,1,2,1,2,0,0
292,3,15,1,0,0,0,1,0,0,1569,1,4,4,0,1,0,0,0,4,0,0,34,1,0,1,1,1,2,0,0
293,0,18,2,0,0,0,1,0,0,1936,4,3,2,0,0,1,0,0,4,0,0,23,0,1,0,2,1,1,0,0
294,0,36,2,0,0,1,0,0,0,3959,0,0,4,0,1,0,0,0,3,0,0,30,0,0,1,1,3,1,1,0
295,3,12,2,1,0,0,0,0,0,2390,4,4,4,0,1,0,0,0,3,0,0,50,0,0,1,1,2,1,1,0
296,3,12,2,0,0,1,0,0,0,1736,0,3,3,0,0,0,0,0,4,1,0,31,0,0,1,1,1,1,0,0
297,0,30,2,0,1,0,0,0,0,3857,0,2,4,1,0,0,0,0,4,0,0,40,0,0,1,1,3,1,1,0
298,3,12,2,0,0,0,1,0,0,804,0,4,4,0,1,0,0,0,4,0,0,38,0,0,1,1,2,1,0,0
299,0,45,2,0,0,0,1,0,0,1845,0,2,4,0,1,0,0,0,4,0,1,23,0,0,0,1,2,1,1,0
300,1,45,4,0,1,0,0,0,0,4576,1,0,3,0,1,0,0,0,4,0,0,27,0,0,1,1,2,1,0,0
